name,hash,names,cls,killed,total,survived,waived,no_verdict
Flaky,4bb5e1cbb831859d9e596c2811da4356d19fe6e654baa249fe29de9afb0ca4ce,Flaky,not-a-func,,,,,
Interval,f103d27ee151cbc8bdc68e1aa63b9b1fdecbeaa3938c084fbb1e7f1ba36fcac3,Interval|Run,not-a-func,,,,,
KV,a88fcdcbeae3b6f3930a32bdfe2421afb6ed4fa9bde2f4748da6ec292570b0bf,KV,not-a-func,,,,,
List,fa452d59a2358fadba69764616745354a1e34465079c2a63e5f4c5d56f2baf05,List,not-a-func,,,,,
Map,a9a8fb7ed67af001a6b2a29b52b0e63acaec8f99c445701c4ce8cf1c858c82ca,Map,not-a-func,,,,,
Option,895777a9ff55f95fafafd02a527f6fb513369d87fd05c73971da2700fc989397,Option,not-a-func,,,,,
Pair,3c3d94c1dc9ee15fca43062cec36eadb29780640d2dbba40e1aa77f4ff6ba7c6,Pair,not-a-func,,,,,
Queue,0100c76d0cdad20fb0d97bc8e6df484a971c3377d1a221544d1ce9def9a01221,Queue,not-a-func,,,,,
Request,5d12ea7ba780800ee0828cad704dd84ea3bffa3cecec8fad6a8e2dc515bcbae8,Request,not-a-func,,,,,
Response,b40fd2d9d1c62dc6964276b8cf60b14474e3dcc3257d3ac7ddec86c04e5c3c82,Response,not-a-func,,,,,
Result,533302244706181df24e044f62eaf09e6da1abb7df016686389bb6a97f1a011d,Result,not-a-func,,,,,
Set,16a9d47302b9d1ef17fa27e4548ed6359a8f2b9515bf07da977e9b99db0ad6a1,Set,not-a-func,,,,,
Str,e6bbed8bc9347e15a4c088498c04f67596e1ca5478ce84dd81bd05457063e588,Str,not-a-func,,,,,
Tree,003bea7bfc596698be657761432a70bccf64d25d7d540a12d32586bf4aa9524f,Tree,not-a-func,,,,,
abs,f8552a9f06ee472b3b4d499b0b5eba688def8463e9e4703248fc1d158eb7ae4d,abs,scored,3,5,2,0,0
abs-small,ca9250f107c37d78d5b3127f42fceb5b36764061883f80dbbe4c144140ed1b54,abs-small,no-mutation-points,,,,,
all,966495ef1b6fcf872f35e01913400fbc4ca82c96339d83acc90ac7a4c274088a,all,scored,2,2,0,0,0
any,dd0648da746668f84c85f64bd6969f4f0d5ed5d6fdb7cfaf6ae964a224ad6cfb,any,scored,2,2,0,0,0
append,78d23e273a4858e3ad9b68ed5795a75a163e1b124a1a6b75229e9842a2ba64f3,append,scored,4,4,0,0,0
apply2,6c0735984f6579e0f8769a99152c994d717968ab5720aa2b20d57c86492e60e5,apply2,no-props,,,,,
bad-reverse,af6b61e2180ad5ccdeb541b00c7f53d285aa3f3af997a5e00653954492cb25f1,bad-reverse,no-mutation-points,,,,,
bytes-after,1d2158287a2cb49f9dea69c3a0f3f6ad5ad10c365d84304dccc1fe0fb773e044,bytes-after,scored,2,4,2,0,0
bytes-ok,d2406871baf1bde2e17ad756e82e61cdbcdfeea8d7b74a382306e894c7450e98,bytes-ok,scored,7,12,5,0,0
bytes-prefix,6254197a78fe26dbe82e70ac0a07763a5360d89e2c95cf52176aad644e3b4ff4,bytes-prefix,scored,3,4,1,0,0
bytes-str,066e843a31cdadd45b1ad6aa0aaaf5e09cf6c33232c466361ec6dd96af50cfba,bytes-str,scored,1,1,0,0,0
caps-with,b63e7163b5dd3749417150e75006b123fe3820c03d6f72eb365dd0af1bc9a244,caps-with,no-mutation-points,,,,,
check-config,d82c0bbe5d99e730425d07ec85af73becf033d16143e66087cdcbef718a9b397,check-config,scored,112,160,48,0,0
circle,b9df489c7e772dce670558046a0a913a4827313b890e4f507c5f847dae5cd436,circle,scored,38,41,3,0,0
clamp,9fa25283f279fb8302a5dfd5da227148bc5b0daac0ad6ef6d27b1b9acab76a00,clamp,scored,2,4,2,0,0
config-has-key,815f256a4a62921575977a43cab0eb0bb8c0408cb7589c56eb625c056131e92d,config-has-key,scored,2,2,0,0,0
config-key,7995ac55afc695307229f25f6a76d7d41503ac4a0f5fb8f61bb606761d076cb1,config-key,scored,4,4,0,0,0
config-missing,4e98c1f046641afe2e92352d929931cf7079ce2ac1bf6028e0e7ee2cfacedac0,config-missing,scored,3,3,0,0,0
contains,6221bec8324b02bf0e2e8f1706000ac24464d474689ddc61e1e4cbba6fc0df9b,contains,scored,2,2,0,0,0
count,040c290d0c35556a58a58c7476ee27ff5c826c533ff4886f6f6ba5a2b9bd6c5b,count,scored,5,9,4,0,0
count-append,ed0b40d5d68f69718921542d3e4bbe4284cd1cdae9e6a885f4f84090d137791d,count-append,scored,0,1,1,1,0
count-by,851d636b947699a11d6748a2c5fcaa1d8fed3f2c725317197813c07b9373c494,count-by,scored,8,8,0,0,0
count-matching,c2f6fe6558cad0045cb6e4a3daabe4e2532f5c2e956a2b4edabf435ca563ed4f,count-matching,scored,7,7,0,0,0
drop,f1e861a8d7ed52ea1175126a2c0442dd82bac857254b00c72cc72deb02685672,drop,scored,11,11,0,0,0
drop-while,cedba00b3ab797cde5f4b0d2dd591f24f8ccefd97c97b19a43ccdf9ca64a7020,drop-while,scored,3,3,0,0,0
e-div,100733cab4b27d438fede96e30f46f6b2b4a186327946a8bbcdd11ef51984061,e-div,scored,10,10,0,0,0
e-mod,362696e75c132c35360999d78d28fc0bcb327d6eb2119e2a60c6b9dbba4862f2,e-mod,scored,17,20,3,0,0
echo-handler,604e3e90c2ffa01f1e608371f0b79c31d5b30cb8bdf525ebfd559b3ad27ab5f6,echo-handler,scored,43,43,0,0,0
embed-add,817f85803f2a419044ae8fa0ceaf5bf78870095de28b19fc50a7c55509fd5bd9,embed-add,scored,1,1,0,0,0
excluded-witness,f55335261c552b567349e5bee50079bc6c97c0fdbbe56241dbb967c853088551,excluded-witness,scored,3,3,0,0,0
f-double,135e96990463e472206f7ff1c0be3d83ecbc3d347641094db0cd92465b3b310c,f-double,scored,1,1,0,0,0
f-mul-id,4b136716aca7f736780b99c8f7972377937b65fd592b71b6c7d5d8d953a503d4,f-mul-id,scored,1,1,0,0,0
f-scale-inv,fec8b5271ba347e1b476444bbcd14d9eb78439e2e811f177d8d18a0f520b2b73,f-scale-inv,scored,3,3,0,0,0
f-tenths,18889b76c77e197cb680975e1038e70adb3c475b93d767e93c508fda3394a58b,f-tenths,scored,1,1,0,0,0
fib,7ce4d64ce4a07b44940524ed1308df25801387ce4df6934943bc10562ed4c772,fib,scored,13,17,4,0,4
filter,cc825b87e8885789ef9ebabd5c8f3591c0022aa1248ef0554ab5f0bfcb12b04b,filter,scored,4,4,0,0,0
find,bce060be0e7feb0906edda51cb55ee2c8215c915dd8b414226279e7ac8e1c9bc,find,scored,2,2,0,0,0
first-or,775f5b2a57d77658a10e23842f4e59acd16e7963c3b268ed7ddf775a9c2b79e5,first-or,scored,0,1,1,0,0
flat-map-option,08cce2f0575fe5a00b064e418aceeb352b8b3257190018d6990f6d7d7654393e,flat-map-option,scored,1,1,0,0,0
flatten,0497351b656c8a1a0718d1b998c5a32fb0f7f7888e8c91eb23af72f3331543db,flatten,scored,2,2,0,0,0
foldl,987c33ad57706f7770afe3da1e4a54e038e4b813e8db4dee4c9827a0d2ec6952,foldl,scored,2,2,0,0,0
foldr,5b345e9d645f4488680668303ad5dfb0b938e9699473825767b4ba12fd5f032d,foldr,scored,2,2,0,0,0
full-name,c77f088bed0454ff3ff7ed98762287c74f80f2d3578e1e1d617a591f964b8538,full-name,scored,5,5,0,0,0
gh-record,53219da891359a19a4c39e6261bddaceb9326f0f14f37c8ec45e9056e6f9f253,gh-record,scored,30,201,171,0,0
gh-request,dc9d0dd11c56dab7d9e8c20b6f100de76a4085469bd57f92a54ffbe69eab0bbe,gh-request,scored,13,244,231,0,0
gh-sign,bf2bf8a950ef0645cdbefd03d63e4321485e3b0b9eb7f104747986c6f30e190b,gh-sign,scored,22,22,0,0,0
gh-signature,4a5152b8c8eb7447fa8517d542fe2f7dfb0a74eac5bbf0e62c42f558b36188bd,gh-signature,scored,2,88,86,0,0
gh-spec-secret,64468c9d46cc0bdd71f88d30d96a1b1dfa127a47533becbac35a96d680db4db7,gh-spec-secret,scored,32,96,64,0,0
gh-webhook,552ec5bd9d1893e035bfec422a94a2a57b1c027a2822bfa30a433feff3ed3711,gh-webhook,scored,203,208,5,0,0
greet,1b4fc08a4e93ad03945596accdaffa83d0b121c1defb2bc40f6ad717dd7b3436,greet,scored,26,26,0,0,0
greet-or-guest,1da62c4f6353644b8ea21b149768796a5fcf972c7fb80f5c9487426187e1ce8e,greet-or-guest,scored,0,15,15,0,0
hdr-probe,f19d388b9584518722ad68b1d6db6aeb38d6c7d81e4a59e7d3a9687bb586259d,hdr-probe,scored,3,322,319,0,0
header-first,f0a62a28b4b450de3b55eb9efba1b9bd864ed5355e3d4f8db0ffe249e8cffb13,header-first,scored,2,2,0,0,0
header-or,d585aa88cdfbd223092e4f4b401169667abf05305787c6f7ed4a67bf36c25331,header-or,scored,1,1,0,0,0
hex-decode,e98335ea6c143aa21df80b61165c9b3ddf19207a1b0d0f9a8f5d813f2977c6f9,hex-decode,scored,1,1,0,0,0
hex-decode-unchecked,c46f1fb5eecb97c65c06ff95814222cd008a01ef87a6620e7c3b26d6dad56084,hex-decode-unchecked,scored,7,7,0,0,0
hex-digit,007871398c18f644e5e67228e3e06ea553d93716878dbb625c72034755a1586f,hex-digit,scored,13,14,1,0,0
hex-encode,85e837e0fa9b3a827f2c031a2d19dc71d3f12e66fa36fc715b52d5c4b279a8e9,hex-encode,scored,9,11,2,0,2
hex-nibble,548c2b120a8bc1874caeeb0679a02d14d42b7e428ee6c78e05c2211583699ae1,hex-nibble,scored,11,53,42,0,0
hex-valid,954c1887f94a3097f07098df42db08f0344e92e82ba7691303c7d79137909e09,hex-valid,scored,12,12,0,0,0
hmac-kat-rfc4231-2,d497b8473178141fe85ad3b182863c7248b2e7952678c11579841f1676d9e64f,hmac-kat-rfc4231-2,scored,288,288,0,0,0
i-contains,3fc1c9e4988411e515b346e48eb3612dfc2f4b4dc54077c5f8778e73f6743909,i-contains,scored,5,5,0,0,0
i-hull,7ad9cbd2d649b50039035317ef44da70d6e478c708faa601bf248c751a8d314d,i-hull,scored,11,15,4,0,0
i-intersect,416798295f350bddd83cc55d47c9534b3bd3786361e2adfa87d595a059bcff30,i-intersect,scored,5,7,2,0,0
i-overlaps,ba067f27d4256030f445fb03ecef490d79c4fbf2036cd956267a6e80c2db4a1f,i-overlaps,scored,9,11,2,0,0
index-of,d679d2e21f62e21e5a276478d81c57f37047fb1dbb38f6fa28629d31d340a042,index-of,scored,8,8,0,0,0
init,6ed53caa0ad21b7d739eaac8817b2fd1e0f983da3dc188d07f89ef1640d988bb,init,scored,3,3,0,0,0
initials-or,ae876364d0f2d737a0dcb44043c13de8cbee06a294b66ca023626fd9c89a7550,initials-or,scored,1,1,0,0,0
insert,07e9fddfeed3fe7d21e92fbdf80a16959a45faf540fc305fec89bc86bcab7e1b,insert,scored,4,5,1,0,0
insert-by,87dec595a754bfa39d395a5ca4aee022b7cb5f68b23c54a1824c9fd798146484,insert-by,scored,4,4,0,0,0
int-embed,37c83ea0981d6eb7bb01a5fd814a86a777d57b4773fcf13db4b95cdee470ad83,int-embed,no-mutation-points,,,,,
is-none,2ba7f9f256616ab855b5ebde66b5544feb26922287b3ac209e42516fd74cb9eb,is-none,scored,2,2,0,0,0
is-some,f3ac0cfaff55b6fa7d87a06b3555754280643773447445d7c7385d71b7d3e517,is-some,scored,2,2,0,0,0
is-sorted,064d42c2395412835438f4a40910e4b26dd165cf85fc14d9ff7ada25431ba5d5,is-sorted,scored,5,5,0,0,0
join-with,dbfc0545b1483369a8cd0e2e3731fa96da3c367b96a66305763e0ea57ad7a2bb,join-with,scored,3,5,2,0,0
json-scoped-string,457b1fa82b61c8294edac51083a4103d0f2faf15c3c4dd89cc7306c3d6e79ad4,json-scoped-string,scored,3,26,23,0,0
json-string-value,e84c7faa721c257c7426bbec454cfd2f5fb1869002fb0755b0eebed59cb095ae,json-string-value,scored,2,9,7,0,0
kv-get,3b157b005950ff71037e3610d6acb501a676d245f5cb1ffb5a30331bf2037bad,kv-get,scored,2,2,0,0,0
kv-put,8e45f81f8bf1bf5407717b3db81de400d4686ba70da1b5219eaf67a874951446,kv-put,no-mutation-points,,,,,
last,fb2a994de5224165a35ae418724c2f7bd971957959ee31a17f2f76c186311cd6,last,scored,3,3,0,0,0
leak,aeac46d7b0e98214a9726a6960f7dcbc44abe9199a61226f51580dd39ec5857c,leak,no-props,,,,,
length,a8497c2fac2bb02484146299be78cecd5d6e296f4bc87f8d2e5eca76745a092e,length,scored,7,7,0,0,0
lengths,bbd85a6e3d20148809ad5e5666c053a1c2e4a5cb643fe0e0f6970fa84fea6d31,lengths,scored,1,1,0,0,0
list-eq-by,af979cf69be024ccf19f5001925dfd895ae59006a5133d388aa28d6f23ed01bd,list-eq-by,scored,7,7,0,0,0
main-echo,9b19e91f08203d730fbc5fd8230c088e2e4b6870eae5799b048bab09f4879742,main-echo,scored,62,101,39,0,0
main-fetch,8b9c09a60d03388c9b21371e51d935f3e58d9e5c710a520070450d1cfae7ee7c,main-fetch,scored,70,70,0,0,0
map,d82c082fdb53d245915215031f94d0c3c9b3c56c2db09a7911d9bd4abb22dddf,map,scored,1,1,0,0,0
map-empty,09cf1ccec66bab85fe124518fbcea28358eada982c325161fed70f29f17bbed2,map-empty,no-mutation-points,,,,,
map-err,895fa0dbd9fbb14aa5af561a96771d500543f5f8ec88e47a5a00d12224d3ffe3,map-err,no-mutation-points,,,,,
map-has,958230af579ca2992e43a438310cd58c483a46844e2dc41df85cad2b03b35644,map-has,scored,2,2,0,0,0
map-insert,d572389add28126f29aedb444c1dc473e1c05f226d6ef280e042d22ca0e94fe5,map-insert,scored,1,1,0,0,0
map-keys,89b0724159ec1315b9bdd44160642192f24f7ddaaf7afe2005631b9d6e755601,map-keys,no-mutation-points,,,,,
map-lookup,937d56cee9ade4340887340f34b73fc27b3c8b933fa3d8749e5fd4766adbc0de,map-lookup,no-mutation-points,,,,,
map-merge,a4bcf8b7fee8ab0f1e1401689f29fcd276cbbfa70208bd1a495586aeb1f1c784,map-merge,scored,1,1,0,0,0
map-option,c68fdd467a0a39dc9623a3a4426fcca2ae5a5c0732d131a501196fb6e5a39d4d,map-option,scored,1,1,0,0,0
map-result,e2805294c80994435e36372d509d8eeab5191860de88887aec46a2cc6f8cd465,map-result,no-mutation-points,,,,,
map-size,1d96b6899013c33428ff30c5e6e825db9fd7af4949e48570a1f55d1f3fd5d4cc,map-size,no-mutation-points,,,,,
map-values,ac0ad30f71d3b3ec9f9b38579b54e8427fc31f95d4beedd373a4e554c807528c,map-values,no-mutation-points,,,,,
max-by,4c8f05ccdd56be98ce3414dccb6470de6d6fa0e573937ef87bfc9efa889caa2f,max-by,scored,2,2,0,0,0
max2,04416a62699b6875092c3ad0c232c69ece40a95bcc59d284e4d5639879a16b59,max2,scored,2,3,1,0,0
maximum,6cce19284ea04f372310301feab95ac6c4bc771ec521413b93d40091ad5a026c,maximum,scored,4,5,1,0,0
media-type-is,7fd44d4b3b950c8d03b872e2b09bc357c5f48bd563ab425291bf8ffa259aba84,media-type-is,scored,6,6,0,0,0
merge,be2f6d41596a747870fa0f1ff03ad164941e4bf1a42bcefa6861aea298e052dc,merge,scored,8,11,3,0,0
mi-insert,14fec16a5691ac2f65cb527016d20702649aad719106143cc262fdad3f62ed6e,mi-insert,scored,6,10,4,0,0
mi-keys,57cdd57a0160584a0365de36908b6100c1197dc6a21447085bde012ff1e2c711,mi-keys,scored,1,1,0,0,0
mi-lookup,a626e5d5b52741ca0b4d9cdc6c2af17d7f06b7b88cc741d34343c32b73c086b3,mi-lookup,scored,0,5,5,0,0
mi-merge,f669a4ca27c825a4289ff11d81779500ae0e12f137e45d33003ec31a97d812a8,mi-merge,scored,0,5,5,0,0
mi-values,41bedb35fab25af79188234c7a8e663a9c82adc41ac0e65f1774188dd690723c,mi-values,scored,1,1,0,0,0
min-by,739f8efe0b4e0f61c4a0959933766a34ddd133dfd2040b889f3408fd3fb03012,min-by,scored,2,2,0,0,0
minimum,9ab35d2eaad189a0cb301a30616edd6040f2adcd608c658d4a53afea6b9a3e99,minimum,scored,4,5,1,0,0
no-field-can-inject,6da67355b5ae7f9960e41a1d85b1476485f1f1fc83af722f7a80e395734bccf0,no-field-can-inject,scored,0,147,147,0,0
one-two-three,256d63e2e1c1a435d3715ef59b5181554b54e62ec37cb31717f07c8d1957c5ff,one-two-three,scored,8,8,0,0,0
or-else,134cff6b69d5f3bb2599af1f8eb82206c37cefcb5b4ba29b6447b5b9dd0b3fbe,or-else,scored,1,1,0,0,0
parse-nat,a977ae2123091b58c45a12de1900c052dfe38d3ce60ac39aa438975f9ac06c5d,parse-nat,scored,2,2,0,0,0
parse-nat-go,5492d77957cdc464628301003b095974422ce222a033c2cfd4c0836c09a64ef9,parse-nat-go,scored,0,12,12,0,0
path-is,e5446da128922bb9aa4c5b06303e74ad8469934d1062f13675402d4db5fa4fe2,path-is,scored,6,6,0,0,0
pow,090cc5373e20d9b4f5f459b69ac63263b5d2f4d7d5c798591f8add8ac579076e,pow,scored,13,15,2,0,2
product,c074a26278a9bbf3e6b70214a21fc19be92efdb464d4fc3f84c19b85705ce897,product,scored,4,4,0,0,0
q-drop,091c2b59dc4f63a5ee4b928bb50b95dec5d89f1c17092b16d764d92a3bc06074,q-drop,scored,5,5,0,0,0
q-peek,642d54aa1f8ddfac3dfd63a07b0e1407c78d9cdde76bdeaa463f22c411295a06,q-peek,scored,2,2,0,0,0
q-push,743484c1807d7893bb22f35f255c7830b5b707e6d9ac633f48e1854f0af92293,q-push,scored,1,1,0,0,0
q-to-list,ee89059c3cce2c994b4ac25e0af8cdd9f2619d7b0ebacca5b42b1bd0abfcdb06,q-to-list,scored,1,1,0,0,0
range,d49edfaf7c34cb69b45f03d9604f602805624d2a4cbf58032f3e52daff186ca0,range,scored,5,7,2,0,2
rat-add,e04d7c974bd936affe6c045507dd4923d4bcbafd951314f01a4483cc74798061,rat-add,scored,1,1,0,0,0
rat-floor,d60f775729e4dc1b8a948e7bc7dee1394ea978fa2e5788f2d1db87b2d74df75d,rat-floor,no-mutation-points,,,,,
rat-mul,d09a0eb33a7bb8a49e87b6473b72159b0aa4042b9fd1468a178b48023a7cabd0,rat-mul,scored,1,1,0,0,0
rat-recover,c5647f27f6693b674191800dbb4d74deda6eb6569eb88fc4e012b7a071b333cf,rat-recover,scored,3,4,1,0,1
record-field,d7f4757624895cf6131ab1138c8e010d64f50f5ae1aa99fdd25698305e6b468e,record-field,scored,9,15,6,0,0
record-is-well-formed,68e180cd139d042d6242c74169d132be174eb336f9cc1ca96730fe0a84726c62,record-is-well-formed,scored,11,14,3,0,0
record-under,2bed447f1a3e248f31d2c01b306712292a75e147a1d08e146818e23ff835721b,record-under,scored,182,220,38,0,0
rename-key,be82b31a32c1e1ba3e9236525b1139d61068e3013101f6dea0ade0e07bb3bf9b,rename-key,no-mutation-points,,,,,
replicate,3fb40b27e9dc71b801b90b25a8dca147bc2e7e35ac9f7c6340972720c45377c4,replicate,scored,7,9,2,0,2
req-body,55607d7d56085cd9d4ea0ac3c627989656b8425eff0449bffa4f3b16ffdec769,req-body,no-mutation-points,,,,,
req-headers,11e9cdb9a695187157648934e6eb576d55dff98d64cac1c578938eb255123760,req-headers,no-mutation-points,,,,,
req-method,b0c4a59b92c4e2bc55ef68d8ebc612e36f8201a5f1088e415688f27e6f355e3a,req-method,no-mutation-points,,,,,
req-path,eadb605e522cbb0957d9a438631dab0b2539d2b01620c0a377965d0d5e3a438d,req-path,no-mutation-points,,,,,
req-received-at,ea71fc7b5412f4bd1c0bdf8b92c4eb5ec48a5fe497bd4cc83646064fd8c35449,req-received-at,no-mutation-points,,,,,
reverse,7bb6285884d068b0a885094b4b4090b80e85054cdb36ce805ad1918ab1a94365,reverse,scored,3,3,0,0,0
reverse-onto,cb57f3242430a32ad315d93ff649d100b94b322156d21d95f7c098c1fe314ac8,reverse-onto,scored,3,4,1,0,1
rle-decode,27a8605b1e122a7fd485d0044e4465033452ae30d0e4227a326b6948196e66e2,rle-decode,scored,2,2,0,0,0
rle-encode,253440f0e8996f21230b6ca3dfd820925263e771e7bc0b42c6d0eb1123f852e2,rle-encode,scored,14,14,0,0,0
rle-expand,36fb384d7458f4d0d17f40e02e61c319d0fc3836f9a6531b535b4551f381ea46,rle-expand,scored,8,10,2,0,2
rot,e715328a6ffacab7161a437148296e0e0b3e16b542fa039d736e39825e256d36,rot|rot-f,scored,18,22,4,0,2
rot-h2,48a856f52aced98b6415537382a05a36bb9b579099b95746e9554c521d61572e,rot-h2,scored,8,9,1,0,1
rot-h3,18228c2a22fac55420bad57e9c93c4dc4e9672e40fc3766e287f56b42bca378f,rot-h3,scored,9,12,3,0,1
rot-hl,e9b80a4dbecfd6de63a3aa9545330384ef1a4af54cd250000dd29b58be388c64,rot-hl,scored,9,12,3,0,1
safe-get,24800a6a905856b7146a7cca2d2dccb012ee8e24b9283eee9e5ac0c65c2af69b,safe-get,scored,1,1,0,0,0
secret-is-usable,5365b4a06be5318b3a497de3ff551947d6460883c99f6bb111ec753774425a5c,secret-is-usable,scored,5,17,12,0,0
set-add,874a3cb5d3f63c551b6e0d4365d489bf75f2528c4d79750ffd1d3b1fdd534ae1,set-add,no-mutation-points,,,,,
set-elems,a91bbcd741e2d02c1ee55c56e227f73e6a30e3fd4247fd6beaad3d2d682672b6,set-elems,no-mutation-points,,,,,
set-empty,d067aca7a83d4107c90d6aaa23befbbcc874df4ceaae0b1d984e3a5508d29efa,set-empty,no-mutation-points,,,,,
set-inter,8a059a2f7b565ec35c0791b90ee564d8d955c811af4ec9dc119a4c83c04f1dd5,set-inter,scored,0,1,1,0,0
set-member,00b50eb902ce941a92b0600f4654a1899e41fd4632ed06e55a6a07b7eb791717,set-member,no-mutation-points,,,,,
set-size,c73b49a04d37c25cd74d7925066d12b186768a6bfb80f5bd85278eb53455b768,set-size,no-mutation-points,,,,,
set-union,c2b36fe5954378a1a2a625891c8109f6ce07f1d669534c22da2f7dbc9f53d56d,set-union,scored,1,1,0,0,0
shout,1788554af98ab90ff6c471078cb9dc933fc04aff3e0583abd7ff829fb77240d2,shout,scored,0,4,4,0,0
show-int,a9472d7aa2146acc2f37afbefdd8b098fa92322d59355e243451cf547e107104,show-int,scored,4,8,4,0,0
show-nat,1d0a9ecfb0eab9baa4782839fac41b93f9490d6ac98cc04d3001555cc97e108c,show-nat,scored,1,25,24,0,3
si-insert,e3ba3eec0cbaff18df44b161661a87b9344eed6707ced3888521204d51af261d,si-insert,scored,6,6,0,0,0
si-inter,32765987195d3d2bf13db7f11a24f10203201a533ccad13b612e75b31ae269a5,si-inter,scored,0,8,8,0,0
si-member,47e842f8daf5ed6da1fb0203df5a4b5cf6078e464321f440cff08323ac5004ef,si-member,scored,0,5,5,0,0
si-union,63f8d391e13d8c3baa6a59d5e70a7a9dd27d3394e1bd61d704b3ae282b6a960a,si-union,scored,0,4,4,0,0
sign,7c0ff56ae894d5f8c7d8b3b92a2ba31a080e1feec71521aaec4e8e2b66fa5fcc,sign,scored,10,16,6,0,0
singleton,14b8a3dd9719a29e458cb3ba2c884be6523f950216e7cb68373546a4fe60ea1a,singleton,no-mutation-points,,,,,
snoc,2248e151c30adcaa8c23ce5a9ba21fc8cd53f36454b1b5afe4762c96dfc8e9a6,snoc,scored,2,2,0,0,0
sort,8ed4b7e956f376fb0f06f5a72f90e76be50ddb02da09045ea9bb8f8dafeb2760,sort,scored,2,2,0,0,0
sort-by,5179ba32bb8df3c1b966c9f3b6c0c7c14a1de369b8fccc87e33fd4361eb168f3,sort-by,scored,2,2,0,0,0
spin,086cb1f933536eadf637402bd14bed014b55818b9994a8bda60683d80036c571,spin,scored,1,1,0,0,0
spin-partial,b25520e6a37aa353213695776c17eea7d8b358fb3340a6ad91cf3173c58b23be,spin-partial,no-props,,,,,
stash,be38139f4560ebc7876943892f7e1ffb68fea23a6af95d50596a8020cc45c6a3,stash,no-props,,,,,
str-append,7d158d0455d341a46cfcc678cfd41d35db89b574dc45158746ad922b8874e3a4,str-append,scored,3,4,1,0,0
str-bytes,cc13f713e3013bc87368150870fbcfe756ebe620af961be48131b6d38767d9ca,str-bytes,scored,1,1,0,0,0
str-drop,caaaa5b2134ad2be30ca74ec4d480e6d7a8e5889c63800643ae1c89618684a3d,str-drop,scored,11,11,0,0,0
str-join,b41104b62aae86b49c4644688f01ac9e2d56c36f475b8b304b834f3804467f8b,str-join,scored,1,3,2,0,0
str-len,30df3863fbb189976a0d624ec7697a62cfaf940554ae436027eea19c4cdfbc5e,str-len,scored,1,7,6,0,1
str-prefix,48d690bda44bf44999028860eeaef6e85f237170f52bbf5cd39881b2eabd6080,str-prefix,scored,3,4,1,0,0
str-split,0292b5f64eddbe8fd710966d45408e22164a5ab419e8f3055c36c149033569cf,str-split,scored,0,3,3,0,0
str-split-join,f3a62459d59a9a242fd1bc3aecb60455ea9deddf7d652419889d9be7d961f36e,str-split-join,no-mutation-points,,,,,
str-take,77452b35b089d93e5c76c4fbf423527316a03c6716c731ec1bfa998c36eef091,str-take,scored,3,11,8,0,0
sum,25f8a4de0cc7ea04a1b0b5dcc02690e8ea8eef0d44af6604f9ce2923d6f7085a,sum,scored,3,4,1,0,0
swap,b00e9f7d7c2d30c50f40005d5ec58a8c19fc7c667f1c3b598752285b16387fe3,swap,no-mutation-points,,,,,
t-flatten,a431dd53a6b3abf6af360722bd9afc37f6bdb670a513f88c218a15ea5cc6a597,t-flatten,scored,2,2,0,0,0
t-insert,312101f6dfd4a4aecf341d92d861d1c08755e72701c5f9b1a929b8d974a6adbd,t-insert,scored,6,6,0,0,0
t-member,2b71f64d6f4d161d5eb82f6f275f43791148026378cd1fba0e7436d22ac78925,t-member,scored,4,5,1,0,0
t-size,1fc6a47774e2bd036f080ebba273dc29cc592b7af762b2a8cc0df810fe249ddf,t-size,scored,7,7,0,0,0
take,1cca17c6d090a186ea837405687e938f7669f53b2be874e4aaded470a015577e,take,scored,11,11,0,0,0
take-while,0160610e8287758f43ba2ab3e28000023fe591dd8d8114fac248843c55592764,take-while,scored,3,3,0,0,0
tenth-f,8fd0dda446661476e93adbcb0fd6ae4f326624746df628bed7bc6370b089f4f6,tenth-f,no-mutation-points,,,,,
third-f,8364dad02bbc6fcb767defa0c468c4c9f363bc99ae13bb48357db0c736486c3a,third-f,no-mutation-points,,,,,
unwrap-or,19d25f94f919f5fa214487f020fbf665989f7a75d0556222aad8c6c94b3f4e44,unwrap-or,no-mutation-points,,,,,
webhook,04241aba6e93a75091d40ffd20412ad6f0b91439b9fa1e547f85eec9101ffbdb,webhook,scored,84,176,92,0,0
within-window,b83924f8160e0a11d033dbad799627ca5a4be7b5803d939d82304d5025e91fdb,within-window,scored,10,11,1,0,0
zip,8994f7a68c09274971e798d47ccfe1bbe287b1b8c66a6fc0f4221f49f93cb6f5,zip,scored,2,2,0,0,0
zip-with,d55d85255312c199535c3ac5023f77b2b10f6aabdea2bd11cd4c530cf3c644ac,zip-with,scored,2,2,0,0,0
